{
  "analysis_timestamp": "2025-09-13T18:59:58.694257",
  "clusters": {
    "0": {
      "name": "Popular High-Engagement Content",
      "stats": {
        "count": 140,
        "avg_log_views": 12.22771317143967,
        "avg_log_likes": 9.78978975071872,
        "avg_log_dislikes": 5.405436297557468,
        "avg_log_comments": 7.59129729738838,
        "avg_like_ratio": 0.09142978309623397,
        "avg_engagement_score": 0.10435840439569519,
        "avg_title_length": 43.542857142857144,
        "avg_tag_count": 16.57857142857143,
        "avg_category_id": 21.821428571428573,
        "avg_publish_hour": 14.457142857142857,
        "avg_video_age_proxy": 1.0714285714285714
      },
      "dominant_category": "People & Blogs",
      "sample_size": 140
    },
    "1": {
      "name": "Popular Medium-Engagement Content",
      "stats": {
        "count": 272,
        "avg_log_views": 14.399933801502234,
        "avg_log_likes": 11.084308242619983,
        "avg_log_dislikes": 7.801884816903928,
        "avg_log_comments": 8.867946161182555,
        "avg_like_ratio": 0.04378681478454389,
        "avg_engagement_score": 0.04954672320913409,
        "avg_title_length": 48.580882352941174,
        "avg_tag_count": 20.518382352941178,
        "avg_category_id": 17.71323529411765,
        "avg_publish_hour": 14.981617647058824,
        "avg_video_age_proxy": 1.8602941176470589
      },
      "dominant_category": "Short Movies",
      "sample_size": 272
    },
    "2": {
      "name": "Trending Low-Engagement Gaming",
      "stats": {
        "count": 122,
        "avg_log_views": 10.617808540982397,
        "avg_log_likes": 5.445622384768325,
        "avg_log_dislikes": 3.0053867739646107,
        "avg_log_comments": 4.114414027360892,
        "avg_like_ratio": 0.011472636791166984,
        "avg_engagement_score": 0.01482197590790087,
        "avg_title_length": 52.614754098360656,
        "avg_tag_count": 13.71311475409836,
        "avg_category_id": 19.868852459016395,
        "avg_publish_hour": 11.508196721311476,
        "avg_video_age_proxy": 1.2295081967213115
      },
      "dominant_category": "Gaming",
      "sample_size": 122
    },
    "3": {
      "name": "Popular Medium-Engagement Content",
      "stats": {
        "count": 466,
        "avg_log_views": 12.625579167963613,
        "avg_log_likes": 8.477525366125585,
        "avg_log_dislikes": 5.564486073530495,
        "avg_log_comments": 6.622550013544995,
        "avg_like_ratio": 0.022099678177688653,
        "avg_engagement_score": 0.026339750824217054,
        "avg_title_length": 57.78111587982833,
        "avg_tag_count": 21.630901287553648,
        "avg_category_id": 22.553648068669528,
        "avg_publish_hour": 13.954935622317597,
        "avg_video_age_proxy": 1.3690987124463518
      },
      "dominant_category": "Comedy",
      "sample_size": 466
    }
  },
  "metadata": {
    "features_analyzed": [
      "log_views",
      "log_likes",
      "log_dislikes",
      "log_comments",
      "like_ratio",
      "engagement_score",
      "title_length",
      "tag_count",
      "category_id",
      "publish_hour",
      "video_age_proxy"
    ],
    "total_clusters": 4,
    "method": "centroid-based dynamic naming"
  }
}